<beans xmlns="http://www.springframework.org/schema/beans"
    xmlns:xsi="http://www.w3.org/2001/XMLSchema-instance" xmlns:context="http://www.springframework.org/schema/context"
    xsi:schemaLocation="http://www.springframework.org/schema/beans
	http://www.springframework.org/schema/beans/spring-beans-3.0.xsd
	http://www.springframework.org/schema/context
	http://www.springframework.org/schema/context/spring-context-3.0.xsd">
 
    <context:component-scan base-package="com.demo" />
 
    <bean class="org.springframework.web.servlet.mvc.annotation.AnnotationMethodHandlerAdapter" />
    <bean class="org.springframework.web.servlet.mvc.annotation.DefaultAnnotationHandlerMapping" />
     
    <bean class="org.springframework.web.servlet.view.InternalResourceViewResolver">
        <property name="prefix" value="/WEB-INF/views/" />
        <property name="suffix" value=".jsp" />
    </bean>
     
    <bean id="messageSource" class="org.springframework.context.support.ResourceBundleMessageSource">
        <property name="basename" value="messages" />
    </bean>
    
    <bean id="employeeValidator" class="com.demo.validator.EmployeeValidator" />
    
    
    <bean id="ds" class="org.springframework.jdbc.datasource.DriverManagerDataSource">
    	<property name="url" value="jdbc:oracle:thin:@localhost:1521:xe"></property>
    	<property name="driverClassName" value="oracle.jdbc.driver.OracleDriver"></property>
    	<property name="username" value="java188"></property>
    	<property name="password" value="java188"></property>
    </bean>
    
    <bean id="sessionFactory" class="org.springframework.orm.hibernate4.LocalSessionFactoryBean">
    	<property name="dataSource" ref="ds"></property>
    	<property name="hibernateProperties">
    		<props>
    			<prop key="hibernate.dialect">org.hibernate.dialect.OracleDialect</prop>
    			<prop key="hibernate.hbm2ddl.auto">update</prop>
    			<prop key="hibernate.show_sql">true</prop>
    		</props>
    	</property>
    	<property name="packagesToScan" value="com.demo.model"></property>
    
    </bean>
    
    
     
</beans>