<?xml version="1.0" encoding="UTF-8"?>
<beans xmlns="http://www.springframework.org/schema/beans"
    xmlns:xsi="http://www.w3.org/2001/XMLSchema-instance"
     xmlns:context="http://www.springframework.org/schema/context"
    xsi:schemaLocation="http://www.springframework.org/schema/beans
        https://www.springframework.org/schema/beans/spring-beans.xsd
        http://www.springframework.org/schema/context 
        http://www.springframework.org/schema/context/spring-context.xsd">
        
  <!--       <context:annotation-config/>
        <context:component-scan base-package="com.mphasis.training"></context:component-scan>
        
     --> 
        
       <bean id="e1" class="com.mphasis.training.Employee">
       	<property name="empid" value="123"/>
       	<property name="ename" value="Megha"/>
       	<property name="address">
       		<list>
       			<ref bean="a1"/>
       			<ref bean="a2"/>
       		</list>
       	</property> 
       </bean> 
       <bean id="a1" class="com.mphasis.training.Address">
       	<constructor-arg value="ManjunathNagar"/>
       	<constructor-arg value="Bangalore"/>
       	<constructor-arg value="5465"/>
       	
       </bean>
       <bean id="a2" class="com.mphasis.training.Address">
       	<constructor-arg value="MAscot90"></constructor-arg>
       	<constructor-arg value="Bangalore"></constructor-arg>
       	<constructor-arg value="5475"></constructor-arg>
       </bean>
	
</beans>